{
	"leftEyeTransformFromTracker": [ 1, 0, 0, 0, 0, 0.90923607349395752, -0.41628068685531616, 0, 0, 0.41628068685531616, 0.90923607349395752, 0, -0.028400000184774399, 0.064179688692092896, 0.069499410688877106, 1 ],
	"rightEyeTransformFromTracker": [ 1, 0, 0, 0, 0, 0.90923607349395752, -0.41628068685531616, 0, 0, 0.41628068685531616, 0.90923607349395752, 0, 0.035599999129772186, 0.064179688692092896, 0.069499410688877106, 1 ],
	"leftUVToRectX": [ -0.29170140624046328,
        0.43659651279449465,
        0.8205999732017517,
        -0.3889411687850952,
        -0.6681095957756043,
        4.755989074707031,
        -8.469993591308594,
        4.839954853057861,
        1.3797268867492676,
        -9.035130500793457,
        16.503578186035158,
        -9.188872337341309,
        -0.9274463653564453,
        5.823741436004639,
        -10.438909530639649,
        5.9539947509765629 ],
	"leftUVToRectY": [  -0.3193659782409668,
        -0.20803554356098176,
        0.29833731055259707,
        -0.4610884487628937,
        0.529156506061554,
        2.133589029312134,
        -3.689870595932007,
        2.1287710666656496,
        0.4956686198711395,
        -4.5742716789245609,
        7.660577774047852,
        -4.098865985870361,
        -0.20194277167320252,
        2.6610641479492189,
        -4.311791896820068,
        2.232020139694214 ],
	"rightUVToRectX": [ -0.4638250768184662,
        1.6445870399475098,
        -1.0462545156478882,
        0.8899168968200684,
        0.0832681953907013,
        -0.3727559745311737,
        -0.03087509050965309,
        -0.37258005142211916,
        0.11085523664951325,
        -1.331250786781311,
        3.2248096466064455,
        -1.629539966583252,
        -0.1668122112751007,
        1.238345742225647,
        -2.6824588775634767,
        1.5197089910507203 ],
	"rightUVToRectY": [ -0.34515103697776797,
        0.07550699263811112,
        0.028528645634651185,
        0.1661187708377838,
        1.005567193031311,
        -0.005689192563295364,
        -0.4657544195652008,
        0.5581668019294739,
        -0.31759947538375857,
        -0.3952968418598175,
        1.4830483198165894,
        -1.158826470375061,
        0.20738404989242555,
        0.23000603914260865,
        -0.7914647459983826,
        0.643271267414093 ],
	"windowWidth": 640,
	"windowHeight": 480,
	"windowOffsetX": 1080,
	"windowOffsetY": 0,
	"leapMotionPositionOffsetToEye":
	{
		"x":5.0,
		"y": -3.96225,
		"z": 5.1
	},
	"leapMotionRotationOffsetToEye":
	{
		"x": 0,
		"y": -24,
		"z": 0
	},
	"cameraRigPositionOffsetFromTracker":
	{
		"x": 0,
		"y": -0.36,
		"z": 2.942
	},
	"cameraRigRotationOffsetFromTracker":
	{
		"x": 0,
		"y": -24.6,
		"z": 0
	},
	"iPD": 0,
	"useTemporalReprojection": true
}