{
	"leftEyeTransformFromTracker": [ 1, 0, 0, 0, 0, 0.90923607349395752, -0.41628068685531616, 0, 0, 0.41628068685531616, 0.90923607349395752, 0, -0.028400000184774399, 0.064179688692092896, 0.069499410688877106, 1 ],
	"rightEyeTransformFromTracker": [ 1, 0, 0, 0, 0, 0.90923607349395752, -0.41628068685531616, 0, 0, 0.41628068685531616, 0.90923607349395752, 0, 0.035599999129772186, 0.064179688692092896, 0.069499410688877106, 1 ],
	"leftUVToRectX": [ -0.3844103217124939, 0.97112423181533813, -0.25089222192764282, 0.20635619759559631, 0.058278605341911316, 0.13342826068401337, 0.27622351050376892, -0.075800448656082153, -0.14823228120803833, 0.86729055643081665, -2.0916364192962646, 1.2395849227905273, 0.032221343368291855, -0.29130840301513672, 0.96102052927017212, -0.40973442792892456 ],
	"leftUVToRectY": [ -0.39132764935493469, 0.13756594061851501, -0.37460911273956299, -0.026859400793910027, 0.96472680568695068, -0.5817299485206604, 1.6475456953048706, -1.0525500774383545, -0.36617857217788696, 0.93281710147857666, -3.1165359020233154, 2.2427108287811279, 0.30805620551109314, -0.51501733064651489, 1.8977105617523193, -1.4114274978637695 ],
	"rightUVToRectX": [ -0.35065853595733643, 0.94765222072601318, 0.17013339698314667, 0.22676172852516174, -0.69920879602432251, 4.4123382568359375, -8.6463432312011719, 4.2913236618041992, 1.7034832239151001, -11.080245018005371, 20.835912704467773, -11.228776931762695, -1.1326539516448975, 7.1767687797546387, -13.467972755432129, 7.4349336624145508 ],
	"rightUVToRectY": [ -0.31777408719062805, -0.018227612599730492, -0.030633892863988876, 0.27896520495414734, 0.97052860260009766, 0.10243307054042816, 0.52842485904693604, -0.53162854909896851, -0.18315571546554565, -0.50018781423568726, -0.76207429170608521, 1.1309611797332764, 0.12612685561180115, 0.28473961353302002, 0.5733417272567749, -0.73952269554138184 ],
	"windowWidth": 640,
	"windowHeight": 480,
	"windowOffsetX": 0,
	"windowOffsetY": 0,
	"leapMotionPositionOffsetToEye":
	{
		"x": 0,
		"y": 0,
		"z": 0
	},
	"leapMotionRotationOffsetToEye":
	{
		"x": 0,
		"y": 0,
		"z": 0
	},
	"cameraRigPositionOffsetFromTracker":
	{
		"x": 0,
		"y": 0,
		"z": 0
	},
	"cameraRigRotationOffsetFromTracker":
	{
		"x": 0,
		"y": 0,
		"z": 0
	},
	"iPD": 0
}